model,total_attacks,successful,detected,total_financial_impact,mean_financial_impact,asr,detection_rate
groq-qwen,350,114,57,978000000.0,2794285.714285714,0.32571428571428573,0.16285714285714287
groq-scout,350,98,4,650000000.0,1857142.857142857,0.28,0.011428571428571429
