,groq-qwen,groq-scout
groq-qwen,1.0,0.631578947368421
groq-scout,0.5714285714285714,1.0
